{"mean": [-352.00815800825757, 81.6152281165123, -8.204683657976501, 11.483527888870817, -1.5296111753248423, 9.059099538371406, -11.807697498628436, 0.3212219027466037, -9.71509341538735, -7.767181999227938, -5.691476223243323, -2.949015073840807, -2.820541024747298, 143.28738423188528, 66.20071656836404, 28.733090229332447, 25.808145956032806, 20.41126721435123, 16.698379470656317, 20.077958466278183, 12.462496342344416, 14.009638090928396, 12.616051072461737, 11.80205306576358, 10.463629886507988, 9.903665651877722, 0.4458258376430927, 0.43967071002892527, 0.4433238797355443, 0.46131734703926164, 0.48702631110791117, 0.4993732725140742, 0.5075313522053572, 0.5107755242044933, 0.5084147198617252, 0.4867770987718056, 0.4878277428862121, 0.4713573324778635, 0.29609350523807937, 0.3007625793494905, 0.29638761726932394, 0.30735955220491934, 0.3221556008922764, 0.3227234025641034, 0.32235747390788877, 0.3138506636282222, 0.3142157297374474, 0.30601066074127126, 0.31420406606048346, 0.2996033139061183, 4906.581446763894, 2927.428279520403, 4796.0652874452735, 1646.0183803459254, 15.449652091185644, 13.065248971950536, 15.189049670282518, 15.783457525278745, 18.02650038337494, 17.8637003015896, 22.258096538959137, 6.446561498164529, 5.927253689215489, 6.170092292813511, 5.146442774438465, 4.827647118882461, 4.6114203855548555, 6.388627246817594, 0.07399794092845154, 0.07050130882096045, 0.07537795294936384, 0.08791358144177744, 221.50510212156408, 47.71864712936448], "scale": [44.9205021940587, 18.06073869695391, 15.939440815754464, 8.8940918169796, 8.951770077673382, 8.486743577674439, 9.012551415270758, 6.283535215694592, 6.845731648941674, 6.262998934871889, 5.537614118648253, 4.270602588242142, 5.262004628488893, 19.825648253010712, 10.484278285636595, 5.453066138795817, 4.491258401389419, 4.49305711772342, 3.157699026802512, 3.8503173834079543, 2.4678528113232083, 2.331562994927042, 2.3590117902452374, 2.4606991684490542, 2.0243558504744374, 2.030289796390315, 0.09410805155568364, 0.10389418539253178, 0.10694777833201992, 0.11199139489459531, 0.11983651526392643, 0.11738715186130193, 0.11560975782057356, 0.11364692516162093, 0.1086232550615078, 0.10092367037974703, 0.0974297214262431, 0.09122741419173841, 0.03479184014739961, 0.02949954286600155, 0.02978294307848901, 0.029540446150490358, 0.030692806852195272, 0.030267312937477198, 0.030497541625116566, 0.03244635119565989, 0.03276807647106644, 0.03211680840014296, 0.031877094278066384, 0.03485802652769389, 924.309419879496, 626.3397064618391, 657.4606949071924, 396.7400007310461, 3.0734866717684386, 2.499440611439341, 2.117330092053968, 1.6767455865997014, 1.6440746610689925, 2.016192216058076, 3.8887013013023615, 1.417674988838318, 1.3013021869502048, 1.101338345446029, 0.9204378042244856, 0.7197767979583657, 0.9690951553201198, 1.2168235358559296, 0.01929214097858036, 0.018675263929029472, 0.024397889872278387, 0.017385899263959028, 84.86209315566784, 28.32461791190591]}